{
    "numcircuit": 6,
    "nameAlgorithm": "ghz",
    "averageQubits": 2.0,
    "nameSchedule": "NoTODS",
    "typeMachine": {
        "fake_belem": 5,
        "fake_manila": 5
    },
    "average_turnaroundTime": 95.41666666666667,
    "average_responseTime": 15.416666666666666,
    "average_fidelity": 0.988155616862243,
    "sampling_overhead": 54.0,
    "average_throughput": 26.666666666666668,
    "average_utilization": 0.3,
    "time_generation": 0.14186835289001465,
    "makespan": 320.0
}