{
    "numcircuit": 3,
    "nameAlgorithm": "ghz",
    "averageQubits": 5.0,
    "nameSchedule": "MILQ_extend",
    "typeMachine": {
        "fake_belem": 5,
        "fake_manila": 5
    },
    "average_turnaroundTime": 12010.666666666666,
    "average_responseTime": 2314.6666666666665,
    "average_fidelity": 0.7859932412081522,
    "sampling_overhead": 0.0,
    "average_throughput": 5066.666666666667,
    "average_utilization": 1.0,
    "time_generation": 3.631878614425659,
    "makespan": 15200.0
}